galex_id,ra,dec,min_cnt,max_cnt,ave_cnt,lc_filename
3153823897452810796,287.881465364,43.375152735,0.0,21.0,9.14545454545,
3153823897452816931,288.100762396,43.931542623,0.0,31.0,16.5714285714,
2567018939755267234,284.253955508,44.1534987158,0.0,49.0,25.3317865429,
2567018939755267494,284.376303621,44.2003747709,0.0,26.0,11.2252747253,
2567018939755268571,283.912109425,44.3624455983,1.0,26.0,12.6162162162,
2567018939755268668,283.922054043,44.3845751299,1.0,28.0,16.1918918919,
2567018939755268399,283.927884472,44.3475508673,0.0,41.0,15.3486486486,
2567018939755268653,283.956895512,44.3871424865,0.0,32.0,17.1567567568,
2567018939755268190,283.956450104,44.314677312,0.0,24.0,10.6459459459,
2567018939755268265,283.971855066,44.3305260727,0.0,27.0,9.35675675676,
2567018939755268707,283.993058485,44.3995527928,0.0,19.0,8.02702702703,
2567018939755268649,284.0247453,44.3866238503,0.0,21.0,10.9159891599,
2567018939755268623,284.029019762,44.3752107192,2.0,62.0,31.7162162162,
2567018939755268611,284.08838588,44.3631555587,0.0,29.0,16.7621621622,
2567018939755268385,284.095492858,44.3288813653,11.0,174.0,122.656756757,2567018939755268385_LC.csv
2567018939755268146,284.215729114,44.3143309274,0.0,22.0,7.75675675676,
2567018939755268569,284.229632511,44.3755152198,0.0,19.0,9.49322493225,
2567018939755268549,284.235132409,44.3735888747,0.0,17.0,8.08672086721,
2567018939755268106,284.245031249,44.3054578316,0.0,22.0,8.53804347826,
2567018939755268613,284.251462869,44.3851997968,0.0,18.0,7.42972972973,
2567018939755268216,284.258289981,44.3033041704,8.0,150.0,98.6918918919,2567018939755268216_LC.csv
2567018939755268322,284.294321025,44.3358079873,0.0,19.0,9.77837837838,
2567018939755268870,284.302053228,44.3935567116,0.0,286.0,200.645945946,2567018939755268870_LC.csv
2567018939755268735,284.325276714,44.3997329037,0.0,29.0,11.1135135135,
2567018939755268536,284.326755781,44.3590141704,0.0,19.0,9.73513513514,
2567018939755268406,284.34466294,44.3523851464,0.0,19.0,8.25543478261,
2567018939755268386,284.353348919,44.3433722944,1.0,43.0,26.5891891892,
2567018939755268366,284.356454147,44.3299241814,3.0,66.0,42.2378378378,
2567018939755268143,284.358535042,44.3077080359,0.0,23.0,10.4932249322,
2567018939755268627,284.371302037,44.3843477939,0.0,22.0,9.86756756757,
2567018939755268154,284.382643767,44.3079922834,0.0,25.0,13.3675675676,
2567018939755268521,284.384726752,44.3554658912,0.0,68.0,41.4675675676,
2567018939755268204,284.458922252,44.3199603274,0.0,19.0,8.69459459459,
2567018939755268436,284.460737799,44.3551955076,0.0,22.0,10.5190217391,
2567018939755268509,284.476065732,44.3639967525,0.0,29.0,14.8157181572,
2567018939755268267,284.477265015,44.3219187535,0.0,39.0,16.5799457995,
2567018939755268790,284.482816891,44.3977916882,2.0,54.0,33.4864864865,
2567018939755268717,284.498398049,44.3455650021,33.0,373.0,274.957597173,2567018939755268717_LC.csv
2567018939755268214,284.516707636,44.3174357752,0.0,24.0,10.5203488372,
2567018939755268431,284.54089261,44.3371792527,4.0,102.0,62.4504249292,
2567018939755268565,284.565049275,44.3710361426,1.0,21.0,10.5197740113,
2567018939755269030,284.56623251,44.3869655311,102.0,2908.0,1777.63098592,2567018939755269030_LC.csv
2567018939755268288,284.582741701,44.3268231999,0.0,24.0,12.2782874618,
2567018939755268582,284.624213469,44.3761600211,0.0,22.0,9.0,
2567018939755268481,284.654770152,44.3573565663,0.0,20.0,9.53770491803,
2567018939755268579,284.657573829,44.3674113002,0.0,26.0,14.5646687697,
2567018939755269397,283.835042735,44.4661428635,17.0,288.0,207.051351351,2567018939755269397_LC.csv
2567018939755269204,283.853466352,44.4587706819,0.0,39.0,20.6395663957,
2567018939755268945,283.854566975,44.4237048931,1.0,30.0,15.0081081081,
2567018939755268971,283.869000204,44.4325022664,0.0,25.0,10.8324324324,
2567018939755269359,283.869551735,44.4876165537,0.0,25.0,8.99189189189,
3190063800704310439,291.632067177,44.3794154334,0.0,31.0,13.0805687204,
3190063800704310726,291.63479434,44.3877028239,1.0,50.0,29.6595744681,
3190063800704310329,291.642751298,44.3640492995,0.0,27.0,12.9598108747,
3190063800704310579,291.650944848,44.3227052463,4.0,94.0,61.0709219858,
3190063800704310702,291.657705902,44.3886749238,0.0,34.0,18.0189125296,
3190063800704310697,291.666131352,44.3895698467,0.0,30.0,14.9952718676,
3190063800704310935,291.669933787,44.3785015717,0.0,26.0,14.1418439716,
3190063800705362938,291.677644242,44.3466969262,0.0,151.0,96.9101654846,3190063800705362938_LC.csv
3190063800704310662,291.677518067,44.3955305659,0.0,30.0,14.7139479905,
3190063800704309974,291.698189058,44.3198559059,0.0,28.0,13.1158392435,
3190063800704310056,291.727162933,44.330536892,0.0,27.0,13.5390070922,
3190063800704310425,291.729418996,44.3657084378,0.0,32.0,16.8345153664,
3190063800704309790,291.731907261,44.3016331923,0.0,30.0,16.304964539,
3190063800704311011,291.732053654,44.3958533324,3.0,73.0,44.5626477541,
3190063800704310568,291.770974682,44.3885206881,0.0,24.0,12.706855792,
3190063800704310183,291.779408024,44.3456549944,0.0,24.0,11.6255924171,
3190063800704309925,291.790916719,44.3157835972,0.0,40.0,19.8865248227,
3190063800704310591,291.79173499,44.3899715206,0.0,32.0,13.6122931442,
3190063800704310502,291.801123327,44.3814868329,0.0,29.0,12.9834515366,
3190063800704310308,291.815278392,44.3586424347,0.0,28.0,13.2174940898,
3190063800704310754,291.825943618,44.3932811918,0.0,73.0,43.011820331,
3190063800704310146,291.829848001,44.3413304732,0.0,27.0,12.3033175355,
3190063800704310647,291.833934444,44.3867513684,0.0,67.0,40.4302600473,
3190063800704310364,291.838495068,44.365994533,0.0,24.0,11.841607565,
3190063800704310693,291.844086549,44.3988138529,0.0,31.0,15.2553191489,
3190063800704309872,291.848398247,44.3174269853,0.0,24.0,11.1371158392,
3190063800704310646,291.857905373,44.3966386423,0.0,25.0,12.4657210402,
3190063800704310199,291.866119864,44.3466850428,0.0,30.0,13.4160756501,
3190063800704310451,291.873568634,44.3788474564,0.0,24.0,11.7701421801,
3190063800704310182,291.887885603,44.3455716932,0.0,27.0,12.9976359338,
3190063800704310026,291.897102954,44.320325294,0.0,37.0,19.0070921986,
3190063800704310359,291.899050864,44.3720531906,0.0,28.0,11.7588652482,
3190063800706407871,291.903960047,44.3868900703,5.0,118.0,76.0992907801,
3190063800704309944,291.909271375,44.3146128087,0.0,26.0,12.1448931116,
3190063800706406935,291.911140826,44.3006743037,0.0,27.0,13.2630331754,
3190063800704310208,291.910921986,44.3493973148,0.0,26.0,12.6028368794,
3190063800704310288,291.926806762,44.3586808222,0.0,25.0,12.1867612293,
3190063800704310255,291.928961959,44.3444954787,0.0,30.0,13.4231678487,
3190063800704310271,291.93501944,44.3475468172,0.0,38.0,20.5508274232,
3190063800704310271,291.93501944,44.3475468172,0.0,38.0,20.5508274232,
3190063800704310689,291.938782046,44.3981883935,0.0,28.0,13.158392435,
3190063800704310114,291.947508099,44.3164944568,0.0,24.0,11.9007092199,
3190063800704310372,291.955661898,44.3703916814,0.0,26.0,12.4893617021,
3190063800704310263,291.961138521,44.3455141493,0.0,30.0,15.011820331,
3190063800704310422,291.983183147,44.3584228104,1.0,45.0,23.63356974,
3190063800704310423,291.986996482,44.371561274,0.0,39.0,17.0496453901,
3190063800704309862,292.001789196,44.2999509961,0.0,42.0,23.3877068558,
3190063800704309922,292.007502278,44.3134268257,0.0,46.0,24.4468085106,
3190063800704310854,292.011388671,44.3930979293,0.0,66.0,41.8676122931,
3190063800704310242,292.015788698,44.3474801912,0.0,44.0,25.6477541371,
3190063800704309967,292.033942626,44.3182946514,0.0,30.0,15.8865248227,
3190063800704310162,292.041685199,44.3329645438,0.0,26.0,13.0379146919,
3190063800706407162,292.055169937,44.3211511351,0.0,33.0,15.4775413712,
3190063800704309798,292.066848091,44.3118967995,0.0,24.0,11.5791962175,
3190063800704310110,292.072222432,44.335492475,0.0,24.0,12.853427896,
3190063800704310060,292.079741521,44.3218358228,0.0,38.0,21.4657210402,
3190063800704310580,292.091791723,44.3601366568,0.0,37.0,19.9598108747,
3190063800704310655,292.094485418,44.374275523,2.0,58.0,32.988179669,
3190063800704310225,292.095569711,44.3367837983,0.0,47.0,27.2364066194,
3190063800704310111,292.100316099,44.3273143551,1.0,37.0,20.3144208038,
3190063800704310774,292.115264011,44.3995890323,0.0,27.0,13.2293144208,
3190063800704309774,292.124340466,44.3048485557,0.0,29.0,13.7706855792,
3190063800704310176,292.131953412,44.3398643267,0.0,32.0,13.8959810875,
3190063800704310051,292.133017764,44.3103301538,4.0,119.0,73.4846335697,
3190063800704309711,292.151958385,44.3009974568,1.0,27.0,12.4137115839,
3190063800704310668,292.160407163,44.3762096754,5.0,93.0,60.4940898345,
3190063800704309842,292.176301681,44.3083605871,0.0,34.0,17.5957446809,
3190063800704310448,292.188772854,44.371378169,0.0,38.0,22.0236406619,
3190063800704310156,292.200387702,44.3327713176,0.0,42.0,20.6926713948,
3190063800704309903,292.225424884,44.3104584017,0.0,31.0,15.2340425532,
3190063800704310341,292.233060672,44.3525980315,1.0,37.0,20.6737588652,
3190063800704310157,292.260121539,44.3411199356,0.0,32.0,15.8274231678,
3190063800704310234,292.265667152,44.3525076761,0.0,27.0,13.9929078014,
3190063800704310889,292.273984195,44.3914756481,0.0,53.0,24.6004728132,3190063800704310889_LC.csv
3190063800704310040,292.294378302,44.3150161819,0.0,34.0,16.7399527187,
3190063800704310452,292.306292534,44.3799331104,1.0,34.0,13.304964539,
3190063800704310604,292.318814256,44.3875159786,0.0,39.0,20.8132387707,
3190063800704309909,292.324523347,44.3160106534,0.0,29.0,15.6075650118,
3190063800704309919,292.353861952,44.3127020825,0.0,28.0,13.2174940898,
3190063800704310281,292.357003354,44.3527721506,0.0,37.0,19.672985782,
3190063800704310635,292.360892913,44.3794154628,1.0,39.0,19.8676122931,
3190063800704310651,292.368900553,44.379664252,5.0,98.0,62.4302600473,
3190063800704310524,292.382672302,44.3608355182,4.0,82.0,52.2151300236,
3190063800704310420,292.38770391,44.3574346069,3.0,83.0,51.853427896,
3190063800704310659,292.392649502,44.398389459,0.0,27.0,13.1749408983,
3190063800704309886,292.410146508,44.3143110913,0.0,30.0,14.085106383,
3154281294289961505,284.634538648,44.6768260459,1.0,21.0,11.9189189189,
3154281294289961598,284.654512294,44.6861898819,0.0,20.0,9.81981981982,
3154281294289961549,284.663475704,44.6674217043,1.0,59.0,33.3783783784,
3154281294289961585,284.704017899,44.6886719841,0.0,19.0,9.09545454545,
3154281294289961699,284.728230826,44.6951566722,0.0,22.0,10.0576923077,
3154281294289961336,284.732394387,44.6612348719,0.0,27.0,8.3488372093,3154281294289961336_LC.csv
3154281294289961299,284.745114839,44.6384042553,0.0,31.0,10.1310861423,3154281294289961299_LC.csv
3154281294289961311,284.758630092,44.6419346355,1.0,54.0,24.6518218623,3154281294289961311_LC.csv
3154281294289961311,284.758630092,44.6419346355,1.0,54.0,24.6518218623,3154281294289961311_LC.csv
3154281294292058747,284.763052179,44.6817830359,0.0,35.0,16.1802325581,
3190063800704313377,292.058489215,44.6757626743,0.0,38.0,17.8108747045,
3154281294289964064,284.407103111,44.8681195949,5.0,96.0,63.3727598566,
3154281294289962773,284.448037035,44.8053920428,0.0,26.0,10.9364548495,
3154281294289963074,284.480771929,44.84436788,0.0,22.0,8.29435483871,
3154281294289963046,284.483927844,44.8312169405,1.0,30.0,16.8496240602,
3154281294289962970,284.502836631,44.8316866121,0.0,20.0,7.9156626506,
3154281294289963755,284.509824086,44.8904783542,1.0,55.0,33.2280701754,
3154281294289963447,284.559846407,44.8416204824,1.0,26.0,12.8609865471,
3154281294289963478,284.565365887,44.8698884952,1.0,67.0,37.4923857868,
3154281294289963067,284.596376054,44.8470152463,1.0,17.0,8.28571428571,
3154281294289962988,284.611746812,44.8323074664,1.0,31.0,17.2340425532,
3154281294289963548,284.622032916,44.8903306725,0.0,17.0,9.01360544218,
3154281294289962714,284.637956999,44.8076373425,0.0,31.0,13.7903225806,
3154281294289962989,284.647737019,44.8322317462,0.0,23.0,11.761627907,
3154281294289962692,284.650188283,44.807276765,0.0,23.0,10.5142857143,
3154281294289962865,284.695755742,44.8266936644,1.0,22.0,8.51724137931,
3154281294292063157,285.86791829,45.0326508549,0.0,400.0,247.461988304,3154281294292063157_LC.csv
3154281294289965635,285.873971862,45.0710711423,0.0,20.0,7.64285714286,
3154281294289965110,285.895797726,45.0261466735,0.0,19.0,10.0057803468,
3154281294289965274,285.912466377,45.0361818176,0.0,27.0,12.4867724868,
3154281294289966165,285.929654403,45.0907394229,0.0,70.0,41.8042328042,
3154281294289965039,285.946377035,45.0178630789,0.0,24.0,10.2872340426,
3154281294289965495,285.947881889,45.0353947767,0.0,46.0,26.0687830688,
3154281294289965529,285.959744277,45.0580042007,0.0,24.0,9.96296296296,
6371232520063683893,286.015800769,45.0076683895,0.0,24.0,11.2234042553,
6371232520063683896,286.104249622,45.0096761546,0.0,22.0,9.48148148148,
6371232520063683909,286.122467453,45.0093711025,0.0,24.0,10.3068783069,
6371232520063683907,286.179542328,45.0090751235,1.0,28.0,11.4021164021,
6371232520063683904,286.235198325,45.0085079643,1.0,29.0,13.9365079365,
6371232520063683836,286.246093035,45.000066177,0.0,25.0,10.5396825397,
6371232520063683919,286.293609987,45.0136242055,1.0,31.0,11.4338624339,
6371232520063683878,286.431819431,45.0020716312,0.0,56.0,28.291005291,
6371232520063683863,286.520874813,45.0043528018,0.0,23.0,10.7619047619,
6371232520063683852,286.536830545,45.001935781,0.0,24.0,10.0529100529,
6371232520063683879,286.553823629,45.0023876213,3.0,73.0,48.2063492063,
6371232520063683843,286.632663363,45.0015670718,0.0,20.0,9.7619047619,
6371232520063683922,286.718203525,45.0098816681,0.0,29.0,14.3862433862,
6371232520063683876,286.77821502,45.0015279665,1.0,40.0,21.2010582011,
6371232520063683933,286.782043149,45.0177068038,0.0,21.0,9.83068783069,
6371232520063683930,286.83622187,45.0128734995,0.0,24.0,12.0423280423,
6371232520063683929,286.858496825,45.0117608856,0.0,29.0,15.0952380952,
6371232520063683872,286.935335092,45.0052589308,0.0,22.0,11.4126984127,
6371232520063683885,286.942924563,45.0061010591,0.0,23.0,13.2446808511,
6371232499662588767,288.279268421,45.4583315127,0.0,165.0,15.8601036269,6371232499662588767_LC.csv
6371232469599916185,288.884113794,46.0608543754,42.0,622.0,499.573991031,6371232469599916185_LC.csv
3190098985076403130,286.170976731,43.009124577,0.0,27.0,11.3922651934,
3190098985076402506,286.179326122,43.0230542299,0.0,23.0,11.8121546961,
3190098985076402653,286.183749097,43.0110979524,0.0,24.0,9.9152854512,
3190098985076402903,286.203354146,43.0664430227,0.0,44.0,23.8733624454,
3153929450569075211,299.049650703,44.905004555,2.0,24.0,14.4448979592,
3154140556801614528,290.823667712,38.9407259399,0.0,43.0,15.4708171206,3154140556801614528_LC.csv
3154140556801614227,291.433861308,38.9061601559,0.0,36.0,18.371024735,
3154140556801614054,291.602470819,38.9078169904,1.0,28.0,12.7279151943,
3154140556801615674,291.281010889,39.0549690036,0.0,28.0,13.7738515901,
3154140556801615855,291.372449263,39.0723993644,1.0,45.0,24.2155477032,
3154140556801616162,290.862699339,39.108671838,0.0,29.0,14.1294117647,
3154140556801617214,291.754327955,39.2161494176,3.0,56.0,35.7541899441,
3154140556803713699,291.760541596,39.2125303046,16.0,265.0,184.608938547,3154140556803713699_LC.csv
3154140556801617555,291.184044026,39.3468152883,1.0,25.0,11.0670391061,
3154140556801617674,291.185416524,39.3272383472,0.0,24.0,11.9553072626,
3190345275681022266,282.936236848,40.7744303615,1.0,73.0,45.8603448276,
3190345275681021589,283.183709454,40.7336939059,0.0,23.0,9.69482758621,
3190345275681022698,283.392647902,40.8523717101,0.0,21.0,9.44482758621,
3190345275681022583,283.398684168,40.841586769,0.0,53.0,31.5844827586,
3190345275681022652,283.437928909,40.8653846172,0.0,37.0,18.9465517241,
3190345275681022545,283.440059172,40.8364143403,0.0,38.0,20.1189655172,
3190345275681022360,283.472037899,40.8130573461,0.0,22.0,10.074137931,
3190345275681022359,283.501089177,40.8091686501,0.0,19.0,9.25689655172,
3153964634941161800,296.289987091,42.4174826992,0.0,42.0,17.3322033898,
3153964634941161808,296.29536142,42.4203844111,0.0,33.0,16.6559322034,
3153964634943259351,296.207824961,42.564118507,164.0,3079.0,1967.66949153,3153964634943259351_LC.csv
3153964634941163015,296.142203139,42.6898640256,0.0,32.0,16.1508474576,
3153964634941164241,296.260762948,42.8976864433,0.0,31.0,14.5694915254,
3153964634941165081,296.023219999,43.0247201666,0.0,37.0,19.5167037862,
3153964634941165461,296.030144779,43.0870950463,0.0,31.0,16.85077951,
3153964634941165809,296.80152343,43.1392098207,0.0,36.0,16.0966101695,
3153964634941165733,296.810818903,43.1302038424,5.0,154.0,102.283050847,
3153964634941166105,296.84803671,43.1884846893,0.0,40.0,18.313559322,
3190169353820574657,281.277628418,44.3703507772,0.0,24.0,10.6539473684,
3190169353820574068,281.336662498,44.337050139,0.0,24.0,10.4473684211,
3190169353820574156,281.386692297,44.3507487223,0.0,20.0,7.34123847167,
3190169353820573745,282.128307474,44.3029588838,1.0,78.0,45.473541384,
3190169353822671799,282.168707114,44.3369228463,7.0,210.0,141.563689605,
3154070188059528571,286.13015205,37.41071708,2.0,1162.0,785.594339623,3154070188059528571_LC.csv
3154070188059527995,286.209475632,37.4213497923,5.0,146.0,104.028037383,
3154070188059527566,286.344371119,37.4119298598,1.0,45.0,26.4672897196,
3154070188059528612,286.422112353,37.439739491,38.0,618.0,463.576323988,3154070188059528612_LC.csv
3154070188057435220,286.701802943,37.8306348161,0.0,28.0,11.8619402985,
3190063800704311675,292.619325368,44.5066297416,0.0,27.0,13.2718676123,
6371232520063684238,286.25713951,45.063616561,0.0,25.0,11.3121693122,
6371232520063684238,286.25713951,45.063616561,0.0,25.0,11.3121693122,
6371232520063684125,286.339857483,45.0457504501,1.0,48.0,20.5132275132,6371232520063684125_LC.csv
3190028616334311844,294.186160869,46.4988805004,1.0,252.0,176.232078853,3190028616334311844_LC.csv
3190028616332214454,294.286813445,46.4815303714,0.0,38.0,13.0872662511,3190028616332214454_LC.csv
3190028616332214306,294.692303406,46.4377967988,0.0,33.0,14.0567765568,
3190028616332214421,294.693134859,46.4788467789,0.0,31.0,13.7051282051,
3190028616332214333,294.693382003,46.4527892664,0.0,29.0,13.1787351054,
3190028616332214384,294.71436304,46.4619202097,0.0,30.0,15.3281393217,
3190028616332214345,294.734724929,46.4540032423,0.0,33.0,15.9432234432,
3190028616332217119,293.935876194,46.8336768152,0.0,31.0,15.2512531328,
3190028616332217366,294.244162208,46.8527247746,0.0,53.0,23.373433584,
3190028616332217101,294.578038601,46.8292479626,0.0,102.0,30.234962406,
3190028616332217462,294.846012097,46.8724002593,0.0,29.0,11.5833333333,
3190028616332217768,295.192908605,46.8947000291,0.0,28.0,13.5762925599,
3190028616332218494,293.664798538,46.9479030219,0.0,44.0,19.8776223776,
3190028616332218723,293.745653975,46.9586075992,0.0,104.0,55.4164179104,3190028616332218723_LC.csv
3190028616332218834,294.308696164,46.9920554199,0.0,95.0,13.7987460815,3190028616332218834_LC.csv
3190028616332218605,294.524308073,46.9705772068,0.0,97.0,14.747645951,3190028616332218605_LC.csv
3190028616332218779,294.789629249,46.9838947423,0.0,50.0,13.7105263158,3190028616332218779_LC.csv
3190028616332217818,294.811518147,46.9001568815,0.0,56.0,14.7805642633,3190028616332217818_LC.csv
3190028616334315231,294.867780505,46.9003921685,0.0,145.0,93.1917293233,3190028616334315231_LC.csv
3190028616332218603,295.135549061,46.968726491,0.0,30.0,13.4422835634,
3190028616332218354,295.144891064,46.9450827434,0.0,39.0,15.6447368421,3190028616332218354_LC.csv
3190028616332218391,295.146788492,46.9342549187,0.0,101.0,58.1685463659,3190028616332218391_LC.csv
3190028616332218991,295.151823788,46.9852243906,0.0,72.0,38.9329573935,3190028616332218991_LC.csv
3190028616332218713,295.172611978,46.9758960727,0.0,49.0,16.1829573935,3190028616332218713_LC.csv
3190028616332218400,295.184174668,46.9532927255,0.0,50.0,13.1435736677,3190028616332218400_LC.csv
3190239722564748182,287.835940542,47.2489251686,0.0,28.0,14.0133333333,
3190239722564748424,287.857538529,47.2926317528,0.0,18.0,8.50095238095,
3190239722564747952,287.857757496,47.2199152036,0.0,29.0,16.8628571429,
3190239722564748560,287.863629674,47.2995643677,1.0,30.0,15.1066666667,
3190239722564747928,287.913297938,47.2178025392,0.0,26.0,13.1908396947,
3190028616332222644,294.001806575,47.3474257075,0.0,959.0,18.7821316614,3190028616332222644_LC.csv
3190028616332222904,294.281915198,47.3723102709,0.0,30.0,11.3354673496,
3190028616332222965,294.352324306,47.3799602505,0.0,26.0,12.0979643766,
3190028616332222466,294.568241847,47.3305507048,0.0,91.0,12.3943573668,3190028616332222466_LC.csv
3190239722564750279,288.319495946,47.4437356434,2.0,76.0,45.2495238095,
3190028616332223509,294.419773548,47.4361386963,0.0,67.0,39.7407725322,
3190063800704305146,291.615458147,43.886346684,0.0,28.0,14.2319859402,
3190063800706402299,291.785047597,43.8827253657,1.0,30.0,15.6445578231,
3190063800704304552,291.785693907,43.8050937281,2.0,88.0,57.0716783217,
3190063800704305129,291.793527442,43.8752008144,0.0,40.0,20.8469387755,
3190063800704304696,291.799665056,43.8187219681,0.0,37.0,21.2653061224,
3190063800704305036,292.304021453,43.8675496821,0.0,37.0,19.0068027211,
3190063800704310094,292.493274644,44.333662211,0.0,31.0,15.6643026005,
3190063800704311214,292.27751966,44.4437574199,0.0,30.0,15.0520094563,
3190063800704311066,292.30723982,44.4137495185,2.0,55.0,35.3924349882,
3154281294289971228,284.761119627,45.5550172588,2.0,47.0,27.5317604356,
3154281294289971867,284.905081715,45.6181450375,0.0,25.0,12.0809859155,
3154281294292067793,285.387105468,45.6464974419,123.0,3758.0,1639.49823944,3154281294292067793_LC.csv
3154281294289971430,285.495472169,45.6665359348,0.0,47.0,22.9813084112,
3154281294289971469,285.503161486,45.6245749077,0.0,19.0,9.23053892216,
3190028616332214901,294.386167182,46.5759108165,0.0,49.0,14.718809373,
3190028616332214556,294.582053482,46.5011707448,0.0,41.0,21.5574626866,
3190028616332214713,294.586984049,46.5432680234,0.0,41.0,14.4500318269,3190028616332214713_LC.csv
3190028616332215438,293.845487614,46.636489497,0.0,52.0,24.072234763,3190028616332215438_LC.csv
3190028616332215403,293.861170885,46.6207798986,0.0,115.0,61.0707865169,3190028616332215403_LC.csv
3190028616332216042,293.862423396,46.65621782,6.0,2111.0,946.573786408,3190028616332216042_LC.csv
3190028616332215247,293.871531884,46.6336758264,0.0,37.0,16.0438871473,
3190028616332215661,293.899626596,46.6808421694,0.0,466.0,18.7449856734,3190028616332215661_LC.csv
3190028616332215150,293.911468249,46.6194490523,0.0,725.0,14.8880526811,3190028616332215150_LC.csv
3190028616332215536,293.910930694,46.6556909064,1.0,52.0,28.170605613,
3190028616332215592,293.915518809,46.6779794573,0.0,158.0,13.5540443808,3190028616332215592_LC.csv
3190028616332215944,293.931388223,46.667596902,13.0,268.0,190.415778252,3190028616332215944_LC.csv
3190028616332215659,293.943384199,46.6909942827,0.0,27.0,12.1562294001,
3190028616332215615,293.950385356,46.6254424718,0.0,335.0,193.47650514,3190028616332215615_LC.csv
3190028616332215559,293.961454349,46.6664902928,0.0,670.0,17.8372093023,3190028616332215559_LC.csv
3190028616332215139,293.973844436,46.6172414854,0.0,239.0,13.2394678492,
3190028616332215668,293.972830315,46.6576011066,2.0,1032.0,56.9475779695,3190028616332215668_LC.csv
3190028616332215696,293.982254426,46.6879561303,0.0,72.0,15.6251596424,3190028616332215696_LC.csv
3190028616332215658,293.987520428,46.6833941384,0.0,447.0,15.8908045977,3190028616332215658_LC.csv
3190028616332215467,293.992372936,46.6544441695,0.0,139.0,15.090548579,3190028616332215467_LC.csv
3190028616332215622,294.000078485,46.6851606008,0.0,1050.0,19.8408945687,3190028616332215622_LC.csv
3190028616332215256,294.006363725,46.6344656143,0.0,400.0,13.8902842036,
3190028616332215256,294.006363725,46.6344656143,0.0,400.0,13.8902842036,
3190028616332215320,294.007708558,46.6458359924,0.0,37.0,12.6252478519,
3190028616332215287,294.009112073,46.6292068534,0.0,46.0,15.7501652346,
3190028616332215531,294.010381332,46.6642456912,0.0,37.0,17.471042471,
3190028616332215608,294.019070523,46.6614533573,1.0,60.0,31.7222222222,
3190028616332215705,294.019736162,46.6885270735,0.0,688.0,24.3245614035,3190028616332215705_LC.csv
3190028616332215357,294.032140898,46.643554733,0.0,40.0,20.4291338583,
3190028616332215567,294.03380416,46.676110694,0.0,26.0,12.6397243108,
3190028616332215248,294.049374849,46.6357428031,0.0,32.0,13.0245319561,
3190028616332215371,294.056594094,46.652315109,0.0,27.0,12.2183908046,
3190028616332215148,294.055572261,46.6237346633,0.0,28.0,12.4871116986,
3190028616332215245,294.056968443,46.6287092342,0.0,35.0,16.599339934,
3190028616332215518,294.057035434,46.6648432341,0.0,35.0,16.944235589,
3190028616332215269,294.079251443,46.6391317542,0.0,29.0,13.2228607918,
3190028616332215448,294.088271666,46.6618105234,0.0,104.0,12.790726817,
3190028616332215369,294.088889072,46.6448914644,0.0,39.0,18.3327008223,
3190028616332215566,294.090775599,46.6701585415,0.0,318.0,17.64160401,3190028616332215566_LC.csv
3190028616332215474,294.098295194,46.658400527,0.0,52.0,27.813283208,
3190028616332215336,294.099413513,46.6456131502,0.0,30.0,13.5166144201,
3190028616332215353,294.109402894,46.6503749553,0.0,25.0,13.0269423559,
3190028616332215637,294.115632224,46.6681204257,0.0,57.0,31.7255639098,
3190028616332215606,294.118286446,46.6847887612,0.0,86.0,12.9448621554,
3190028616332215660,294.125067083,46.6728994189,0.0,88.0,53.2468671679,
3190028616332215302,294.124717204,46.6407091514,0.0,115.0,13.6290726817,
3190028616332215136,294.137233481,46.6138398743,0.0,90.0,22.4319338422,3190028616332215136_LC.csv
3190239722564753196,288.272766246,47.7086721775,0.0,34.0,10.4984984985,
3190239722564755604,288.49915812,47.9382813158,2.0,38.0,20.8888888889,
3190239722564756221,287.861033495,48.0094025898,0.0,42.0,18.4316644114,3190239722564756221_LC.csv
3190239722565807543,288.120332587,47.7489745838,17.0,281.0,215.618403248,3190239722565807543_LC.csv
6371197278783279042,283.43708848,48.4906424206,3.0,81.0,50.7875816993,
6371197269119598677,283.283408065,48.5911994937,0.0,18.0,8.07438016529,
6371197278783279475,283.300149704,48.5615238377,0.0,21.0,8.6262295082,
3190239722564756367,287.920061844,48.0197470745,0.0,26.0,9.73342354533,
3190239722564756101,288.00856647,48.0074789827,2.0,54.0,31.7550744249,
3154210925545792498,291.42867126,48.5655956952,0.0,21.0,9.67718446602,
3154210925545794011,290.729288191,48.7366645367,0.0,22.0,9.66828087167,
3154210925545794306,290.764225435,48.7194626956,0.0,24.0,10.7239709443,
3154210925547891654,290.75106206,48.7223804057,0.0,23.0,11.7167070218,
3154210925545794089,290.767731718,48.7314343058,1.0,82.0,53.7046004843,
6371373173800177679,281.020091524,44.4741509416,0.0,19.0,9.32085561497,
3154210925545794128,290.787029376,48.7252604685,4.0,98.0,66.2929782082,
6371373173800177496,281.073739632,44.4575405291,17.0,231.0,173.021276596,6371373173800177496_LC.csv
6371197291668178030,280.851349885,47.5616521716,1.0,38.0,21.1275167785,
6371373173800177481,281.080584889,44.4397136906,2.0,61.0,41.5638297872,
3190239722565807206,288.180825757,47.7690468829,258.0,11396.0,7047.44790257,3190239722565807206_LC.csv
3190239722565807206,288.180825757,47.7690468829,258.0,11396.0,7047.44790257,3190239722565807206_LC.csv
6371197289520697580,284.13772508,47.6046481614,2.0,55.0,33.0496453901,
6371197289520697639,283.374278354,47.6150853493,2.0,51.0,26.9402597403,
6371197289520698050,284.153286977,47.6952139488,0.0,20.0,8.9701986755,
6371373173800176577,281.456738793,44.2558105553,0.0,21.0,9.56315789474,
6371197289520697987,284.228172641,47.684505839,1.0,34.0,15.9430894309,
6371197289520697763,284.22904974,47.6383774193,2.0,30.0,15.7538461538,
6371197289520698021,284.257898646,47.6888134256,1.0,24.0,11.8585365854,
6371197289520698589,283.445695625,47.8497502167,0.0,38.0,11.5628019324,
6371197289520698611,283.396739832,47.8269605623,0.0,20.0,8.08177570093,
3190134169448481097,291.524714246,48.742610401,0.0,23.0,10.8373786408,
3190134169448482827,292.057859115,48.9905581778,0.0,23.0,10.6465116279,
3190134169448481184,291.533347879,48.7627380179,0.0,25.0,10.3286821705,
3190134169448481359,291.473297165,48.7955163131,0.0,35.0,9.97426470588,
3190134169448481316,291.501018426,48.7739163726,0.0,62.0,25.0579345088,3190134169448481316_LC.csv
3190134169448481340,291.569212252,48.7874822861,0.0,34.0,16.4891994917,
3190134169448482671,291.27104698,48.9778119951,0.0,21.0,8.72953736655,
3190134169448483997,290.953677191,49.0931720588,0.0,24.0,12.2621359223,
3190134169448484682,291.496622695,49.1525558712,0.0,25.0,11.0184729064,
3190134169448484898,291.516866091,49.1484310319,0.0,52.0,29.9739130435,
3190134169448484421,291.534295176,49.1242191583,0.0,47.0,13.4863861386,
3190134169448485213,291.600756624,49.1799268886,1.0,57.0,31.8899371069,
3190134169448484246,291.572336535,49.1194491163,0.0,40.0,10.9800796813,3190134169448484246_LC.csv
3190134169448485700,291.370965239,49.2451693164,0.0,21.0,9.34130982368,
3190134169448486019,291.418798504,49.272454799,0.0,21.0,8.55838323353,
3190134169448485573,291.48438712,49.2314827728,0.0,21.0,9.92203898051,
3190134169448485760,291.496740441,49.2505104499,0.0,20.0,8.50885668277,
3190134169448486656,292.425224399,49.2871289978,10.0,238.0,161.502325581,3190134169448486656_LC.csv
3190134169448485927,291.513461187,49.2613435435,0.0,24.0,10.2595041322,
3190134169448485305,291.527341551,49.2153006868,0.0,20.0,7.89400921659,
3190134169448487386,291.066649447,49.3841099547,0.0,33.0,15.8444084279,
3190134169448488085,291.545774441,49.4552990902,0.0,32.0,15.4149184149,
3190134169448487633,291.545738981,49.4207806986,0.0,22.0,8.66744186047,
3190134169450584570,291.495133543,49.4427350393,383.0,5780.0,4163.07674419,3190134169450584570_LC.csv
3190134169448486540,291.163466006,49.3137586864,0.0,27.0,11.5825977301,
3190134169448488154,291.548920811,49.4614105988,0.0,26.0,13.7762237762,
3190134169448488252,291.595118525,49.4843086044,0.0,22.0,8.32167832168,
6371232447049242294,296.856547253,49.4567610355,0.0,24.0,11.2819548872,
3190134169448487518,291.713892173,49.4031901911,0.0,30.0,13.3333333333,
3190134169448487632,291.795506214,49.420865627,0.0,35.0,9.02558139535,
3190134169448489476,291.961656535,49.5828050757,0.0,183.0,111.646153846,3190134169448489476_LC.csv
3190134169448490374,292.520585033,49.6967251799,3.0,67.0,38.5314861461,
3190134169448488777,292.600707579,49.5187225447,0.0,46.0,25.7099236641,
6371232517916198142,286.088687284,45.5242296542,0.0,19.0,9.89447236181,
3190134169448490696,292.111670015,49.8822414475,124.0,6512.0,3687.41057935,3190134169448490696_LC.csv
6371373173800176109,281.579731003,44.1659353091,0.0,29.0,11.3407894737,
6371232512547488178,284.806467156,48.354782513,0.0,81.0,9.75916230366,6371232512547488178_LC.csv
3190134169449540531,292.480398306,49.5085169016,0.0,3351.0,1711.76398363,3190134169449540531_LC.csv
6371232512547488272,284.799376313,48.3804836432,0.0,52.0,13.1916376307,6371232512547488272_LC.csv
6371232512547488156,284.8074159,48.3433005311,0.0,69.0,32.5958188153,6371232512547488156_LC.csv
6371232512547488383,284.811498806,48.3898263061,8.0,213.0,131.869337979,6371232512547488383_LC.csv
6371232512547488288,284.813181595,48.3674245613,26.0,405.0,302.653310105,6371232512547488288_LC.csv
6371232512547488216,284.828061007,48.3564928217,1.0,46.0,23.9599303136,
6371232512547488055,284.844489847,48.3143767393,0.0,31.0,11.9895287958,
6371232512547488391,284.837706135,48.3998552883,0.0,61.0,13.1707317073,6371232512547488391_LC.csv
6371232512547488161,284.865780584,48.3530927871,0.0,19.0,7.88850174216,
6371232512547488230,284.886148659,48.3688617709,0.0,35.0,9.77057793345,6371232512547488230_LC.csv
6371232512547488284,284.89090364,48.3792831911,0.0,24.0,10.5174216028,
6371232512549585703,284.494994702,48.4312378781,2.0,365.0,262.27444795,6371232512549585703_LC.csv
6371232512547488234,284.920093953,48.3564731446,0.0,41.0,19.9634146341,
6371232512547488459,284.5249175,48.4161039989,2.0,59.0,33.6219931271,
6371232512547488575,284.545137979,48.4432276201,1.0,44.0,26.2199312715,
6371232512547488415,284.54743065,48.4052185098,1.0,34.0,17.1666666667,
6371232512547488458,284.566637892,48.4138816741,0.0,19.0,9.50621118012,
6371232512547488627,284.569022493,48.459769963,0.0,19.0,8.6529209622,
6371232512547488024,285.294519236,48.3094097254,0.0,21.0,9.25688073394,
6371232512547488045,285.422216192,48.3150537244,0.0,25.0,9.1813304721,
6371232512547488828,284.591602856,48.4956613051,0.0,23.0,10.6151202749,
6371232512547488389,284.582533458,48.4075288151,0.0,19.0,8.5530726257,
6371232512547488704,284.600567184,48.4671158507,2.0,55.0,35.5498281787,
6371232512547488433,284.599810489,48.4172080392,0.0,22.0,8.71601208459,
6371232512547488394,284.584486091,48.4016055157,0.0,34.0,17.5632754342,
6371232512547488817,284.617842169,48.4940035945,0.0,23.0,10.6470588235,
6371232512549585816,284.697470415,48.4419436659,7.0,183.0,126.699763593,6371232512549585816_LC.csv
6371232512547488413,284.686045235,48.4049198582,0.0,26.0,11.9503239741,
6371232512549585851,284.757679109,48.4696982988,0.0,24.0,10.4436090226,
6371232512547488514,284.754062533,48.4305191079,0.0,37.0,17.8876889849,
6371232512547488772,284.794022779,48.4887062318,0.0,17.0,8.23824451411,
6371232512549585381,284.786279796,48.4227208082,103.0,2793.0,1537.07910751,6371232512549585381_LC.csv
6371232512547488416,284.796345569,48.4043241404,1.0,68.0,40.3971119134,
6371232512547488777,284.853641762,48.4776477622,1.0,59.0,28.4036697248,6371232512547488777_LC.csv
6371232512547488475,284.83427002,48.4278860217,0.0,23.0,8.80111524164,
6371232512547488511,284.910607169,48.4315607275,0.0,32.0,15.972875226,
6371232512547488464,284.879237495,48.4221046951,0.0,25.0,10.2563176895,
6371232512547488353,284.913744461,48.4012666127,0.0,18.0,8.34380453752,
6371232512547488780,284.932460458,48.4874063362,0.0,20.0,9.77367205543,
6371232512547489338,284.329869428,48.5926516701,0.0,20.0,9.42191780822,
6371232512547489232,284.351090203,48.5689827531,0.0,35.0,17.7912087912,
6371232512547488622,284.919685943,48.4575074707,0.0,22.0,11.0528455285,
6371232512547489293,284.441223347,48.5788265073,1.0,52.0,30.6563573883,
6371232512547489128,284.38366253,48.5482185787,4.0,67.0,41.6462395543,
6371232512547489242,284.472811607,48.5706500037,1.0,58.0,32.4054982818,
6371232512547489066,284.69617517,48.5409174866,0.0,20.0,9.90689655172,
6371232512547489109,284.735360489,48.5526303314,0.0,21.0,9.26804123711,
6371232512547489200,284.739608422,48.5591077858,3.0,77.0,49.735395189,
6371232512547489140,284.749585293,48.5580494341,0.0,21.0,9.18213058419,
6371232512547488953,284.772053389,48.5124028292,1.0,52.0,29.1103448276,
6371232512547488796,285.178048601,48.4917888559,0.0,22.0,9.93106893107,
6371232512547488829,284.78742733,48.5017597319,0.0,21.0,8.78965517241,
6371232512547489127,284.796277349,48.5552684531,0.0,27.0,14.0034364261,
6371232512547489282,284.819612823,48.5796537854,2.0,41.0,23.0103092784,
6371232512547489125,284.821784642,48.5536916031,0.0,21.0,10.0206896552,
6371232512547488888,284.821456131,48.5069254491,0.0,21.0,10.0652920962,
6371232512547489123,284.867605455,48.5576187075,0.0,21.0,8.46551724138,
6371232512547489076,284.899318519,48.5303776154,11.0,216.0,150.979381443,
6371232512547489342,284.911012601,48.593537556,0.0,24.0,12.2096219931,
6371232512547488926,284.916640853,48.5066782467,0.0,44.0,24.7063711911,
6371232512547488835,284.906845887,48.5022293847,0.0,19.0,9.53076923077,
6371232512547489287,284.953748263,48.5844000612,0.0,22.0,8.99656357388,
6371232512547489097,284.971712915,48.545457367,1.0,41.0,22.676975945,
6371232512547489163,284.97424281,48.554813675,0.0,30.0,13.7835051546,
6371232512547488967,284.976166779,48.5235455908,0.0,44.0,12.1661442006,
6371232512547488892,284.999866831,48.5096747877,1.0,38.0,21.3609022556,
6371232512547489014,285.028808433,48.5221972362,0.0,24.0,10.5185185185,
6371232512549586252,285.00971378,48.5517270383,0.0,19.0,8.7,
6371232512547489160,285.04275068,48.5605474374,0.0,20.0,10.0240549828,
6371232503957553481,287.502455769,48.5771915501,0.0,30.0,14.537037037,
6371232503957553439,287.532797527,48.5698596197,0.0,24.0,11.537037037,
6371232503957553242,287.577487902,48.5670249022,0.0,65.0,38.9573770492,
6371232512547488961,285.057771299,48.5196649556,0.0,21.0,9.28608923885,
6371232512547489882,284.180183678,48.6875037373,0.0,25.0,11.7928571429,
6371232512547489687,284.273675113,48.6512095392,0.0,26.0,13.5552050473,
6371232512549586844,284.222978101,48.6937016655,0.0,1987.0,1036.98734177,6371232512549586844_LC.csv
6371232512547489848,284.277555843,48.6813439912,0.0,35.0,14.0859106529,
6371232512547489698,284.287120233,48.652981346,0.0,26.0,10.2268041237,
6371232512547489821,284.281644669,48.6710660173,1.0,71.0,41.1786941581,
6371232512547489850,284.308192856,48.6736893892,12.0,236.0,175.450171821,
6371232512547489601,284.287598714,48.6293297639,0.0,19.0,7.90163934426,
6371232512547489883,284.382585079,48.6754419739,2.0,50.0,28.7457044674,
6371232512547489598,284.389921012,48.62986305,2.0,69.0,38.6563573883,
6371232512549586956,284.416172202,48.6579401621,13.0,228.0,167.202749141,6371232512549586956_LC.csv
6371232512547489878,284.417820918,48.6808490936,3.0,99.0,66.3780068729,
6371232512547489621,284.420126791,48.6407881456,0.0,30.0,15.852233677,
6371232512547489800,284.453898395,48.6652204396,0.0,34.0,17.5945017182,
6371232512547489543,284.425765649,48.6289662117,0.0,18.0,8.24742268041,
6371232512547489732,284.466395828,48.6550936591,11.0,226.0,154.817869416,6371232512547489732_LC.csv
6371232512547489559,284.505576681,48.629972486,0.0,25.0,8.96896551724,
6371232512549586858,284.522270767,48.6494326234,24.0,410.0,314.144329897,6371232512549586858_LC.csv
6371232512547489749,284.541901576,48.6613155622,0.0,23.0,10.4948453608,
6371232512547489836,284.542724544,48.6819651578,0.0,18.0,9.40344827586,
6371232512547489463,284.569202497,48.6076622337,1.0,48.0,27.7766323024,
6371232512547489817,284.619695084,48.6784013679,0.0,21.0,10.7010309278,
6371232512547489946,284.645796332,48.698700503,0.0,33.0,18.2714776632,
6371232512547489590,284.624243801,48.6389640656,0.0,18.0,9.06872852234,
6371232512547489592,284.588425492,48.6372931913,0.0,19.0,8.88965517241,
6371232512549586919,284.702466009,48.6865191166,114.0,1448.0,1154.17182131,6371232512549586919_LC.csv
6371232512547489447,284.865872158,48.6134661724,0.0,20.0,9.95517241379,
6371232512547489856,285.089033512,48.6715267033,1.0,48.0,27.0515463918,
6371232512547489501,284.890811959,48.6201258194,0.0,19.0,9.50171821306,
6371232512547489556,284.889856496,48.6285104001,0.0,23.0,9.56551724138,
6371232512547489898,285.261425614,48.6938519958,1.0,30.0,16.7457044674,
6371232503957553776,287.402216803,48.6458642184,0.0,78.0,41.0411764706,6371232503957553776_LC.csv
6371232512547489657,285.344688829,48.6479979463,0.0,30.0,15.2275862069,
6371232503957553702,287.423867134,48.6359829493,0.0,61.0,13.9339622642,6371232503957553702_LC.csv
6371232503957553912,287.502987283,48.6932377799,0.0,22.0,8.98086124402,
6371232503957553785,287.471206159,48.6594557846,2.0,49.0,27.03187251,
6371232503957553595,287.514074427,48.6088252511,0.0,33.0,16.2484848485,
6371232503957553790,287.52337491,48.6699091919,0.0,21.0,9.98461538462,
6371232503957553846,287.556795715,48.6801258235,0.0,20.0,9.61923076923,
6371232503957553847,287.572279248,48.6740906705,1.0,52.0,30.5604395604,
6371232503957553848,287.576148162,48.6790368542,0.0,23.0,10.6466165414,
6371232503957553709,287.598560263,48.6353598252,3.0,95.0,60.329305136,6371232503957553709_LC.csv
6371232503957553645,287.595059129,48.6302375404,0.0,39.0,13.6918429003,6371232503957553645_LC.csv
6371232503957553667,287.619689321,48.6327949102,0.0,23.0,10.7975830816,
6371232503957553688,287.635395912,48.6393738733,0.0,24.0,11.3897280967,
6371232503957553655,287.644885767,48.6211780323,1.0,54.0,30.8848484848,
6371232503957553570,287.663673582,48.6049750396,0.0,26.0,12.7371601208,
6371232503957553687,287.645616766,48.6384794346,0.0,21.0,11.1782477341,
6371232503957553836,287.649875077,48.6786809163,0.0,93.0,11.387195122,6371232503957553836_LC.csv
6371232503959650899,287.647552556,48.6466924552,2.0,96.0,66.9214501511,
6371232503957553753,287.681305307,48.6571587119,0.0,25.0,10.8791540785,
6371232503957553786,287.688102449,48.6694982919,0.0,23.0,9.9,
6371232503957553603,287.689185761,48.612694479,1.0,60.0,36.6012084592,
6371232503957553638,287.690342423,48.6231317567,0.0,62.0,25.8851963746,6371232503957553638_LC.csv
6371232503959650691,287.726398295,48.6231754433,41.0,956.0,728.247734139,6371232503959650691_LC.csv
6371232503957553771,287.754149575,48.661071306,0.0,74.0,14.3776435045,
6371232503957553837,287.778306291,48.6802334345,0.0,36.0,9.96374622356,
6371232503957553830,287.767975909,48.676111593,0.0,25.0,12.4954682779,
6371232503957553810,287.784040405,48.6627961407,4.0,182.0,43.5166163142,6371232503957553810_LC.csv
6371232503957553833,287.826944017,48.6754211063,1.0,40.0,15.0906344411,
6371232503957553990,287.845145023,48.6925542198,14.0,270.0,206.3081571,
6371232512547490038,284.231107243,48.7218520885,0.0,25.0,9.72508591065,
6371232512547490242,284.165250146,48.7622268998,0.0,28.0,12.4327956989,
6371232512547490350,284.205124616,48.7687003689,1.0,54.0,32.8899755501,
6371232512547490153,284.235467272,48.7465276256,0.0,20.0,9.18900343643,
6371232512547490282,284.239039436,48.7692915484,2.0,56.0,28.7943925234,
6371232512547490186,284.245479879,48.7533783813,0.0,28.0,12.0412371134,
6371232512547490135,284.257830369,48.7384984848,0.0,29.0,14.475862069,
6371232512547490159,284.259672212,48.7465724061,0.0,23.0,9.2275862069,
6371232512547490034,284.275681268,48.7079188792,1.0,49.0,26.4261168385,
6371232512547490292,284.277733795,48.7550045792,5.0,164.0,108.158075601,6371232512547490292_LC.csv
6371232512547490099,284.279160952,48.7344396175,0.0,19.0,9.60344827586,
6371232512547489957,284.293510659,48.7043317359,0.0,39.0,10.1030927835,6371232512547489957_LC.csv
6371232512547490358,284.300447461,48.7854272855,0.0,30.0,13.8419243986,
6371232512547490098,284.331343704,48.7360892418,0.0,25.0,9.92439862543,
6371232512547490137,284.35360767,48.740202759,0.0,28.0,13.5689655172,
6371232512547490235,284.391979135,48.7676658242,0.0,17.0,8.01379310345,
6371232512547490224,284.39913039,48.7424603282,4.0,150.0,98.0721649485,6371232512547490224_LC.csv
6371232512547489969,284.403977951,48.7079204446,0.0,27.0,10.3608247423,
6371232512547490114,284.406960689,48.7398062113,1.0,53.0,33.0034364261,
6371232512547490114,284.406960689,48.7398062113,1.0,53.0,33.0034364261,
6371232512547490201,284.42990679,48.7395826647,2.0,86.0,53.1374570447,
6371232512547490409,284.43939795,48.7983199548,0.0,64.0,38.3517241379,
6371232512547490338,284.440731214,48.7809856723,0.0,27.0,10.3127147766,
6371232512547490284,284.45265704,48.7703383711,1.0,29.0,10.6875,
6371232512547490119,284.526387792,48.7377666954,0.0,23.0,10.2096219931,
6371232512549587474,284.609574561,48.7769976568,13.0,216.0,152.694158076,
6371232512547489977,284.623918827,48.7133672502,0.0,26.0,8.08965517241,
